{
    "aggregated_metrics": {
        "area_type": {
            "0": "developing",
            "1": "emerging",
            "2": "established"
        },
        "avg_d_kbps": {
            "0": 15539.802653399669,
            "1": 15606.873324396784,
            "2": 13894.800048385147
        },
        "avg_u_kbps": {
            "0": 7988.752072968491,
            "1": 8600.12600536193,
            "2": 7775.891859199226
        },
        "count": {
            "0": 2412,
            "1": 1492,
            "2": 8267
        }
    },
    "growth_rates": {
        "download_speed_growth": -0.10969995337472951
    }
}