{
    "aggregated_metrics": {
        "area_type": {
            "0": "developing",
            "1": "emerging",
            "2": "established"
        },
        "avg_d_kbps": {
            "0": 15363.075708061002,
            "1": 15336.826282628263,
            "2": 13933.905035394684
        },
        "avg_u_kbps": {
            "0": 7874.772331154684,
            "1": 8406.05400540054,
            "2": 7824.907172432216
        },
        "count": {
            "0": 1836,
            "1": 1111,
            "2": 7487
        }
    },
    "growth_rates": {
        "download_speed_growth": -0.09147402607165481
    }
}